code,3L_code,name,SMILES,CA,CB,CG,CD,CE,dof
G,Gly,Glycine,NCC(=O)O,1,,,,,[]
H,His,Histidine,N[C@@H](CC1=C(NC=N1))C(=O)O,1,,,,,"[[8,1,2,3]]"
h,mHis,Histidine,N[C@H](CC1=C(NC=N1))C(=O)O,1,,,,,"[[8,1,2,3]]"
S,Ser,Serine,N[C@@H](C[OH])C(=O)O,1,,,,,"[[4,1,2,3]]"
s,mSer,Serine,N[C@H](C[OH])C(=O)O,1,,,,,"[[4,1,2,3]]"
T,Thr,Threonine,N[C@@H]([C@H](O)C)C(=O)O,1,,,,,"[[5,1,2,4]]"
t,mThr,Threonine,N[C@H]([C@H](O)C)C(=O)O,1,,,,,"[[5,1,2,4]]"
A,Ala,Alanine,N[C@@H](C)C(=O)O,1,,,,,[]
a,mAla,Alanine,N[C@H](C)C(=O)O,1,,,,,[]
V,Val,Valine,N[C@@H](C(C)C)C(=O)O,1,,,,,"[[5,1,2,3]]"
v,mVal,Valine,N[C@H](C(C)C)C(=O)O,1,,,,,"[[5,1,2,3]]"
L,Leu,Leucine,N[C@@H](CC(C)C)C(=O)O,1,,,,,"[[6,1,2,3],[1,2,3,4]]"
l,mLeu,Leucine,N[C@H](CC(C)C)C(=O)O,1,,,,,"[[6,1,2,3],[1,2,3,4]]"
I,Ile,Isoleucine,N[C@@H]([C@@H](C)CC)C(=O)O,1,,,,,"[[6,1,2,4],[1,2,4,5]]"
i,mIle,Isoleucine,N[C@H]([C@@H](C)CC)C(=O)O,1,,,,,"[[6,1,2,4],[1,2,4,5]]"
F,Phe,Phenylalanine,N[C@@H](Cc1ccccc1)C(=O)O,1,,,,,"[[9,1,2,3],[1,2,3,4]]"
f,mPhe,Phenylalanine,N[C@H](Cc1ccccc1)C(=O)O,1,,,,,"[[9,1,2,3],[1,2,3,4]]"
Y,Tyr,Tyrosine,N[C@@H](Cc1ccc(O)cc1)C(=O)O,1,,,,,"[[10,1,2,3]]"
y,mTyr,Tyrosine,N[C@H](Cc1ccc(O)cc1)C(=O)O,1,,,,,"[[10,1,2,3]]"
N,Asn,Asparagine,N[C@@H](CC(=O)N)C(=O)O,1,,,,,"[[6,1,2,3]]"
n,mAsn,Asparagine,N[C@H](CC(=O)N)C(=O)O,1,,,,,"[[6,1,2,3]]"
Q,Gln,Glutamine,N[C@@H](CCC(=O)N)C(=O)O,1,,,,,"[[7,1,2,3],[1,2,3,4]]"
q,mGln,Glutamine,N[C@H](CCC(=O)N)C(=O)O,1,,,,,"[[7,1,2,3],[1,2,3,4]]"
P,Pro,Proline,N(C1)[C@@H](CC1)C(=O)O,2,,,,,[]
p,mPro,Proline,N(C1)[C@H](CC1)C(=O)O,2,,,,,[]
C,Cys,Cysteine,N[C@@H](CS)C(=O)O,1,,,,,"[[4,1,2,3]]"
c,mCys,Cysteine,N[C@H](CS)C(=O)O,1,,,,,"[[4,1,2,3]]"
R,Arg,Arginine,N[C@@H](CCCN=C(N)N)C(=O)O,1,,,,,"[[9,1,2,3],[1,2,3,4],[2,3,4,5]]"
r,mArg,Arginine,N[C@H](CCCN=C(N)N)C(=O)O,1,,,,,"[[9,1,2,3],[1,2,3,4],[2,3,4,5]]"
W,Trp,Tryptophan,N[C@@H](CC1=CNC2=C1(C=CC=C2))C(=O)O,1,,,,,"[[12,1,2,3]]"
w,mTrp,Tryptophan,N[C@H](CC1=CNC2=C1(C=CC=C2))C(=O)O,1,,,,,"[[12,1,2,3]]"
M,Met,Methionine,N[C@@H](CCSC)C(=O)O,1,,,,,"[[6,1,2,3],[1,2,3,4],[2,3,4,5]]"
m,mMet,Methionine,N[C@H](CCSC)C(=O)O,1,,,,,"[[6,1,2,3],[1,2,3,4],[2,3,4,5]]"
E,Glu,Glutamate,N[C@@H](CCC(=O)O)C(=O)O,1,,,,,"[[7,1,2,3],[1,2,3,4]]"
e,mGlu,Glutamate,N[C@H](CCC(=O)O)C(=O)O,1,,,,,"[[7,1,2,3],[1,2,3,4]]"
D,Asp,Asparate,N[C@@H](CC(=O)O)C(=O)O,1,,,,,
d,mAsp,Asparate,N[C@H](CC(=O)O)C(=O)O,1,,,,,
K,Lys,Lysine,N[C@@H](CCCCN)C(=O)O,1,,,,,
k,mLys,Lysine,N[C@H](CCCCN)C(=O)O,1,,,,,
,Pfac,,N[C@@H](SC1=C(F)C(F)=C(F)C(F)=C1F)C(O)=O,1,,,,,
,Pfac:,,N[C@@H](SC1=C(F)C(F)=CC(F)=C1F)C(O)=O,1,,,,,
,Nmben2,,N(C)c1c(cccc1)C(=O)O,,,,,,
,Amacben4,,NCc1ccc(cc1)CC(=O)O,,,,,,
,Bgly,,NCCC(=O)O,2,1,,,,
,Ggly,,NCCCC(=O)O,3,2,1,,,
,Dgly,,NCCCCC(=O)O,4,3,2,1,,
,Egly,,NCCCCCC(=O)O,5,4,3,2,1,
,Acpc,,NC(C1)(C1)C(=O)O,1,,,,,
,Acbc,,NC(CC1)(C1)C(=O)O,1,,,,,
,Acpenc,,NC(CCC1)(C1)C(=O)O,1,,,,,
,Achc,,NC(CCCC1)(C1)C(=O)O,1,,,,,
,Acphenc,,NC(Cc(cccc2)c12)(C1)C(=O)O,1,,,,,
,Cla,,N[C@@H](CCl)C(=O)O,1,,,,,
,mCla,,N[C@H](CCl)C(=O)O,1,,,,,
,Tbg,,N[C@@H](C(C)(C)C)C(=O)O,1,,,,,
,mTbg,,N[C@H](C(C)(C)C)C(=O)O,1,,,,,
,Nvl,,N[C@@H](CCC)C(=O)O,1,,,,,
,mNvl,,N[C@H](CCC)C(=O)O,1,,,,,
,Phg,,N[C@@H](c1ccccc1)C(=O)O,1,,,,,
,mPhg,,N[C@H](c1ccccc1)C(=O)O,1,,,,,
,Pfa,,N[C@@H](CC1=C(F)C(F)=C(F)C(F)=C1F)C(O)=O,1,,,,,
,Aib,,CC(C)(N)C(O)=O,1,,,,,
,Abu,,N[C@@H](CC)C(=O)O,1,,,,,
,mAbu,,N[C@H](CC)C(=O)O,1,,,,,
,Tba,,N[C@@H](CC(C)(C)C)C(=O)O,1,,,,,
,mTba,,N[C@H](CC(C)(C)C)C(=O)O,1,,,,,
,Fpa,,N[C@@H](Cc1c(F)c(F)c(F)c(F)c1(F))C(=O)O,1,,,,,
,mFpa,,N[C@H](Cc1c(F)c(F)c(F)c(F)c1(F))C(=O)O,1,,,,,
,Nap1,,N[C@@H](Cc1cccc(cccc2)c12)C(=O)O,1,,,,,"[[13,1,2,3],[1,2,3,4]]"
,mNap1,,N[C@H](Cc1cccc(cccc2)c12)C(=O)O,1,,,,,"[[13,1,2,3],[1,2,3,4]]"
,Nap2,,N[C@@H](Cc1ccc(cccc2)c2c1)C(=O)O,1,,,,,"[[13,1,2,3],[1,2,3,4]]"
,mNap2,,N[C@H](Cc1ccc(cccc2)c2c1)C(=O)O,1,,,,,"[[13,1,2,3],[1,2,3,4]]"
,Dpa,,N[C@@H](C(C1=CC=CC=C1)C1=CC=CC=C1)C(=O)O,1,,,,,"[[15,1,2,3],[1,2,3,4]]"
,mDpa,,N[C@H](C(C1=CC=CC=C1)C1=CC=CC=C1)C(=O)O,1,,,,,"[[15,1,2,3],[1,2,3,4]]"
,Hle,,N[C@@H](CCC(C)C)C(=O)O,1,,,,,"[[7,1,2,3],[1,2,3,4],[2,3,4,5]]"
,mHle,,N[C@H](CCC(C)C)C(=O)O,1,,,,,"[[7,1,2,3],[1,2,3,4],[2,3,4,5]]"
,Nle,,N[C@@H](CCCC)C(=O)O,1,,,,,"[[6,1,2,3],[1,2,3,4],[2,3,4,5]]"
,mNle,,N[C@H](CCCC)C(=O)O,1,,,,,"[[6,1,2,3],[1,2,3,4],[2,3,4,5]]"
,Gab,,N[C@@H](CCN=C(N)N)C(=O)O,1,,,,,"[[8,1,2,3],[1,2,3,4],[2,3,4,5]]"
,mGab,,N[C@H](CCN=C(N)N)C(=O)O,1,,,,,"[[8,1,2,3],[1,2,3,4],[2,3,4,5]]"
,Dab,,N[C@@H](CCN)C(=O)O,1,,,,,"[[5,1,2,3],[1,2,3,4]]"
,mDab,,N[C@H](CCN)C(=O)O,1,,,,,"[[5,1,2,3],[1,2,3,4]]"
,Pip44,,NC1(CCNCC1)C(=O)O,1,,,,,[]
,PIP12,,N1[C@@H](CCCC1)C(=O)O,1,,,,,[]
,mPIP12,,N1[C@H](CCCC1)C(=O)O,1,,,,,[]
,Amf,,N[C@@H](CC1=CC=C(CN)C=C1)C(=O)O,1,,,,,"[[11,1,2,3],[1,2,3,4],[5,6,7,8]]"
,mAmf,,N[C@H](CC1=CC=C(CN)C=C1)C(=O)O,1,,,,,"[[11,1,2,3],[1,2,3,4],[5,6,7,8]]"
,Ant9,,N[C@@H](Cc1c(cccc2)c2cc(cccc2)c12)C(=O)O,,,,,,
,Pyr3,,N[C@@H](Cc1ccc(ccc3(ccc4))c(c3c4cc2)c12)C(=O)O,,,,,,
,DHA,,NC(=C)C(=O)O,,,,,,
,SAR,,N(C)CC(=O)O,,,,,,
,PTABU,,N(CC)CC(=O)O,,,,,,
,PTIPA,,N(C(C)C)CC(=O)O,,,,,,
,PTTBA,,N(C(C)(C)C)CC(=O)O,,,,,,
,PTANI,,N(c1ccccc1)CC(=O)O,,,,,,
,PTAMBA,,N([C@H](c1ccccc1)C)CC(=O)O,,,,,,
,NMALA,,N(C)[C@@H](C)C(=O)O,,,,,,
,NMABU,,N(C)[C@@H](CC)C(=O)O,,,,,,
,NMVAL,,N(C)[C@@H](C(C)C)C(=O)O,,,,,,
,NMPHG,,N(C)[C@@H](c1ccccc1)C(=O)O,,,,,,
,NMLEU,,N(C)[C@@H](CC(C)C)C(=O)O,,,,,,
,NMPHE,,N(C)[C@@H](Cc1ccccc1)C(=O)O,,,,,,
,NMSER,,N(C)[C@@H](C[OH])C(=O)O,,,,,,
,NMASN,,N(C)[C@@H](CC(=O)N)C(=O)O,,,,,,
,AZE,,N1[C@@H](CC1)C(=O)O,,,,,,
,TIQ,,N1[C@@H](c(cccc2)c2CC1)C(=O)O,,,,,,
,TIC,,N1[C@@H](Cc(cccc2)c2C1)C(=O)O,,,,,,
,NHM,,N1[C@@H](Cc2c3ccccc3[nH]c2C1)C(=O)O,,,,,,
,THP,,N1[C@@H](CSC1)C(=O)O,,,,,,
,DHP,,N1[C@@H](C=CC1)C(=O)O,,,,,,
,FPS,,N1[C@@H](C[C@H](F)C1)C(=O)O,,,,,,
,FPR,,N1[C@@H](C[C@@H](F)C1)C(=O)O,,,,,,
,HPS,,N1[C@@H](C[C@H](O)C1)C(=O)O,,,,,,
,HPR,,N1[C@@H](C[C@@H](O)C1)C(=O)O,,,,,,
,OXO,,N1[C@@H](CCC1(=O))C(=O)O,,,,,,
,PPS,,N1[C@@H](C[C@@H](c2ccccc2)C1)C(=O)O,,,,,,
,PPR,,N1[C@@H](C[C@H](c2ccccc2)C1)C(=O)O,,,,,,
,AMP,,N1[C@@](C)(CCC1)C(=O)O,,,,,,
,IDC,,N1[C@@H](Cc(cccc2)c12)C(=O)O,,,,,,
,B3ALA,,N[C@@H](C)CC(=O)O,,,,,,
,B3VAL,,N[C@@H](C(C)C)CC(=O)O,,,,,,
,B3PHG,,N[C@@H](c1ccccc1)CC(=O)O,,,,,,
,B3LEU,,N[C@@H](CC(C)C)CC(=O)O,,,,,,
,B3PHE,,N[C@@H](Cc1ccccc1)CC(=O)O,,,,,,
,B2ALA,,NC[C@@H](C)C(=O)O,,,,,,
,BAZE,,N1CC(C1)C(=O)O,,,,,,
,BPRO,,N1[C@@H](CCC1)CC(=O)O,,,,,,
,BPIP,,N1[C@@H](CCCC1)CC(=O)O,,,,,,
,PRR,,N1C[C@@H](CC1)C(=O)O,,,,,,
,NIP,,N1C[C@@H](CCC1)C(=O)O,,,,,,
,AGLS,,N[C@@H](CC1)C(=O)N1[C@@H](C)C(=O)O,,,,,,
,AGLR,,N[C@@H](CC1)C(=O)N1[C@H](C)C(=O)O,,,,,,
,OZL,,N[C@@H](C)c1nc(co1)C(=O)O,,,,,,
,OZS,,N[C@@H](C)C1=N[C@@H](CO1)C(=O)O,,,,,,
,OZR,,N[C@H](C)C1=N[C@@H](CO1)C(=O)O,,,,,,
,TZL,,N[C@@H](C)c1nc(cs1)C(=O)O,,,,,,
,TZS,,N[C@@H](C)C1=N[C@@H](CS1)C(=O)O,,,,,,
,TZR,,N[C@H](C)C1=N[C@@H](CS1)C(=O)O,,,,,,
,G4ALA,,N[C@@H](C)CCC(=O)O,,,,,,
,GPN,,NCC1(CCCCC1)CC(=O)O,,,,,,
,INIP,,N1CCC(CC1)C(=O)O,,,,,,
,D4ALA,,N[C@@H](C)CCCC(=O)O,,,,,,
,LARD,,N[C@H](C(=O)N)CC(=O)O,,,,,,
,LARE,,N[C@H](C(=O)N)CCC(=O)O,,,,,,
,SUGA,,N[C@H](C(=O)N)CSCC(=O)O,,,,,,
,ACPC12C,,N[C@@H]1[C@@H](C1)C(=O)O,,,,,,
,ACPC12T,,N[C@@H]1[C@H](C1)C(=O)O,,,,,,
,ACBC12C,,N[C@@H]1[C@@H](CC1)C(=O)O,,,,,,
,ACBC12T,,N[C@@H]1[C@H](CC1)C(=O)O,,,,,,
,ACBC13C,,N[C@@H]1C[C@@H](C1)C(=O)O,,,,,,
,ACBC13T,,N[C@@H]1C[C@H](C1)C(=O)O,,,,,,
,AcPenC12C,,N[C@@H]1[C@@H](CCC1)C(=O)O,,,,,,
,ACPenC12T,,N[C@@H]1[C@H](CCC1)C(=O)O,,,,,,
,ACPenC13C,,N[C@@H]1C[C@@H](CC1)C(=O)O,,,,,,
,ACPeneC13C,,N[C@@H]1C[C@@H](C=C1)C(=O)O,,,,,,
,ACPenC13T,,N[C@@H]1C[C@H](CC1)C(=O)O,,,,,,
,GAPT,,N[C@@H]1C[C@H](N(C(=O)C)C1)C(=O)O,,,,,,
,ACHC12C,,N[C@@H]1[C@@H](CCCC1)C(=O),,,,,,
,ACHC12T,,N[C@@H]1[C@H](CCCC1)C(=O)O,,,,,,
,ACHC13C,,N[C@@H]1C[C@@H](CCC1)C(=O)O,,,,,,
,ACHC13T,,N[C@@H]1C[C@H](CCC1)C(=O)O,,,,,,
,ACHC14C,,N[C@@H]1CC[C@@H](CC1)C(=O)O,,,,,,
,ACHC14T,,N[C@@H]1CC[C@H](CC1)C(=O)O,,,,,,
,ACHA14C,,N[C@@H]1CC[C@@H](CC1)CC(=O)O,,,,,,
,ACHA14T,,N[C@@H]1CC[C@H](CC1)CC(=O)O,,,,,,
,AMC14C,,NC[C@@H]1CC[C@@H](CC1)C(=O)O,,,,,,
,AMC14T,,NC[C@@H]1CC[C@H](CC1)C(=O)O,,,,,,
,BEN2,,Nc1c(cccc1)C(=O)O,,,,,,
,BEN3,,Nc1cc(ccc1)C(=O)O,,,,,,
,BEN4,,Nc1ccc(cc1)C(=O)O,,,,,,
,AMBEN2,,NCc1c(cccc1)C(=O)O,,,,,,
,AMBEN3,,NCc1cc(ccc1)C(=O)O,,,,,,
,AMBEN4,,NCc1ccc(cc1)C(=O)O,,,,,,
,ACBEN2,,Nc1c(cccc1)CC(=O)O,,,,,,
,ACBEN3,,Nc1cc(ccc1)CC(=O)O,,,,,,
,ACBEN4,,Nc1ccc(cc1)CC(=O)O,,,,,,
,AMAcben3,,NCc1cc(ccc1)CC(=O)O,,,,,,
,NMBEN3,,N(C)c1cc(ccc1)C(=O)O,,,,,,
,NMBEN4,,N(C)c1ccc(cc1)C(=O)O,,,,,,
,HUCP,,NCc1nc(ccc1)C(=O)O,,,,,,
,HUCQ,,Nc1c2nc(ccc2ccc1)C(=O)O,,,,,,
,CLICK,,NCc1cn(nn1)CC(=O)O,,,,,,
,CLICKS,,NCc1cn(nn1)[C@@H](C)C(=O)O,,,,,,
,VIC,,N[C@@H](CCNC(=O)CC1)C(=O)N[C@H]1C(=O)O,,,,,,
,ABOC,,NC(CC1)(CCC1C2)[C@H]2C(=O)O,,,,,,
,mANT9,,N[C@H](Cc1c(cccc2)c2cc(cccc2)c12)C(=O)O,,,,,,
,mPYR3,,N[C@H](Cc1ccc(ccc3(ccc4))c(c3c4cc2)c12)C(=O)O,,,,,,
,mPTAMBA,,N([C@@H](c1ccccc1)C)CC(=O)O,,,,,,
,mNMALA,,N(C)[C@H](C)C(=O)O,,,,,,
,mNMABU,,N(C)[C@H](CC)C(=O)O,,,,,,
,mNMVAL,,N(C)[C@H](C(C)C)C(=O)O,,,,,,
,mNMPHG,,N(C)[C@H](c1ccccc1)C(=O)O,,,,,,
,mNMLEU,,N(C)[C@H](CC(C)C)C(=O)O,,,,,,
,mNMPHE,,N(C)[C@H](Cc1ccccc1)C(=O)O,,,,,,
,mNMSER,,N(C)[C@H](C[OH])C(=O)O,,,,,,
,mNMASN,,N(C)[C@H](CC(=O)N)C(=O)O,,,,,,
,mAZE,,N1[C@H](CC1)C(=O)O,,,,,,
,mTIQ,,N1[C@H](c(cccc2)c2CC1)C(=O)O,,,,,,
,mTIC,,N1[C@H](Cc(cccc2)c2C1)C(=O)O,,,,,,
,mNHM,,N1[C@H](Cc2c3ccccc3[nH]c2C1)C(=O)O,,,,,,
,mTHP,,N1[C@H](CSC1)C(=O)O,,,,,,
,mDHP,,N1[C@H](C=CC1)C(=O)O,,,,,,
,mFPS,,N1[C@H](C[C@@H](F)C1)C(=O)O,,,,,,
,mFPR,,N1[C@H](C[C@H](F)C1)C(=O)O,,,,,,
,mHPS,,N1[C@H](C[C@@H](O)C1)C(=O)O,,,,,,
,mHPR,,N1[C@H](C[C@H](O)C1)C(=O)O,,,,,,
,mOXO,,N1[C@H](CCC1(=O))C(=O)O,,,,,,
,mPPS,,N1[C@H](C[C@H](c2ccccc2)C1)C(=O)O,,,,,,
,mPPR,,N1[C@H](C[C@@H](c2ccccc2)C1)C(=O)O,,,,,,
,mAMP,,N1[C@](C)(CCC1)C(=O)O,,,,,,
,mIDC,,N1[C@H](Cc(cccc2)c12)C(=O)O,,,,,,
,mB3ALA,,N[C@H](C)CC(=O)O,,,,,,
,mB3VAL,,N[C@H](C(C)C)CC(=O)O,,,,,,
,mB3PHG,,N[C@H](c1ccccc1)CC(=O)O,,,,,,
,mB3LEU,,N[C@H](CC(C)C)CC(=O)O,,,,,,
,mB3PHE,,N[C@H](Cc1ccccc1)CC(=O)O,,,,,,
,mB2ALA,,NC[C@H](C)C(=O)O,,,,,,
,mBPRO,,N1[C@H](CCC1)CC(=O)O,,,,,,
,mBPIP,,N1[C@H](CCCC1)CC(=O)O,,,,,,
,mPRR,,N1C[C@H](CC1)C(=O)O,,,,,,
,mNIP,,N1C[C@H](CCC1)C(=O)O,,,,,,
,mAGLS,,N[C@H](CC1)C(=O)N1[C@H](C)C(=O)O,,,,,,
,mAGLR,,N[C@H](CC1)C(=O)N1[C@@H](C)C(=O)O,,,,,,
,mOZL,,N[C@H](C)c1nc(co1)C(=O)O,,,,,,
,mOZS,,N[C@H](C)C1=N[C@H](CO1)C(=O)O,,,,,,
,mOZR,,N[C@@H](C)C1=N[C@H](CO1)C(=O)O,,,,,,
,mTZL,,N[C@H](C)c1nc(cs1)C(=O)O,,,,,,
,mTZS,,N[C@H](C)C1=N[C@H](CS1)C(=O)O,,,,,,
,mTZR,,N[C@@H](C)C1=N[C@H](CS1)C(=O)O,,,,,,
,mG4ALA,,N[C@H](C)CCC(=O)O,,,,,,
,mD4ALA,,N[C@H](C)CCCC(=O)O,,,,,,
,mLARD,,N[C@@H](C(=O)N)CC(=O)O,,,,,,
,mLARE,,N[C@@H](C(=O)N)CCC(=O)O,,,,,,
,mSUGA,,N[C@@H](C(=O)N)CSCC(=O)O,,,,,,
,mACPC12C,,N[C@H]1[C@H](C1)C(=O)O,,,,,,
,mACPC12T,,N[C@H]1[C@@H](C1)C(=O)O,,,,,,
,mACBC12C,,N[C@H]1[C@H](CC1)C(=O)O,,,,,,
,mACBC12T,,N[C@H]1[C@@H](CC1)C(=O)O,,,,,,
,mACBC13C,,N[C@H]1C[C@H](C1)C(=O)O,,,,,,
,mACBC13T,,N[C@H]1C[C@@H](C1)C(=O)O,,,,,,
,mACPenC12C,,N[C@H]1[C@H](CCC1)C(=O)O,,,,,,
,mACPenC12T,,N[C@H]1[C@@H](CCC1)C(=O)O,,,,,,
,mACPenC13C,,N[C@H]1C[C@H](CC1)C(=O)O,,,,,,
,mACPeneC13C,,N[C@H]1C[C@H](C=C1)C(=O)O,,,,,,
,mACPenC13T,,N[C@H]1C[C@@H](CC1)C(=O)O,,,,,,
,mGAPC,,N[C@@H]1C[C@@H](N(C(=O)C)C1)C(=O)O,,,,,,
,mGAPT,,N[C@H]1C[C@@H](N(C(=O)C)C1)C(=O)O,,,,,,
,mACHC12C,,N[C@H]1[C@H](CCCC1)C(=O)O,,,,,,
,mACHC12T ,,N[C@H]1[C@@H](CCCC1)C(=O)O,,,,,,
,mACHC13C,,N[C@H]1C[C@H](CCC1)C(=O)O,,,,,,
,mACHC13T,,N[C@H]1C[C@@H](CCC1)C(=O)O,,,,,,
,mACHC14C,,N[C@H]1CC[C@H](CC1)C(=O)O,,,,,,
,mACHC14T,,N[C@H]1CC[C@@H](CC1)C(=O)O,,,,,,
,mACHA14C,,N[C@H]1CC[C@H](CC1)CC(=O)O,,,,,,
,mACHA14T,,N[C@H]1CC[C@@H](CC1)CC(=O)O,,,,,,
,mAMC14C,,NC[C@H]1CC[C@H](CC1)C(=O)O,,,,,,
,mAMC14T,,NC[C@H]1CC[C@@H](CC1)C(=O)O,,,,,,
,mCLICKS,,NCc1cn(nn1)[C@H](C)C(=O)O,,,,,,
,mVIC,,N[C@H](CCNC(=O)CC1)C(=O)N[C@@H]1C(=O)O,,,,,,
,mABOC,,NC(CC1)(CCC1C2)[C@@H]2C(=O)O,,,,,,